<?xml version='1.0' encoding='utf-8'?>
<!DOCTYPE hibernate-mapping PUBLIC
    "-//Hibernate/Hibernate Mapping DTD 3.0//EN"
    "http://hibernate.sourceforge.net/hibernate-mapping-3.0.dtd">

<hibernate-mapping default-lazy="false">
	<class name="edu.wustl.common.querysuite.queryobject.IOperand"
		abstract="true" table="QUERY_OPERAND">
		<cache usage="read-write" />

		<id name="id" column="IDENTIFIER" type="long" length="30"
			unsaved-value="null">
			<generator class="native">
				<param name="sequence">QUERY_OPERAND_SEQ</param>
			</generator>
		</id>
		<discriminator column="OPND_TYPE" type="string" />
	</class>
</hibernate-mapping>
