<?xml version='1.0' encoding='utf-8'?>
<!DOCTYPE hibernate-mapping PUBLIC
    "-//Hibernate/Hibernate Mapping DTD 3.0//EN"
    "http://hibernate.sourceforge.net/hibernate-mapping-3.0.dtd">

<hibernate-mapping default-lazy="false">
	<class name="edu.wustl.common.querysuite.queryobject.impl.Operation"
		table="QUERY_OPERATION" dynamic-update="false" dynamic-insert="false">
		<cache usage="read-write" />

		<id name="id" column="IDENTIFIER" type="long" length="30"
			unsaved-value="null">
			<generator class="native">
				<param name="sequence">QUERY_OPERATION_SEQ</param>
			</generator>
		</id>
		
		<many-to-one
            name="operandOne"
            class="edu.wustl.common.querysuite.queryobject.impl.AbstractQuery"
            cascade="none"
            update="true"
            insert="true"
            column="OPERAND_ONE"
        />

		<many-to-one
            name="operandTwo"
            class="edu.wustl.common.querysuite.queryobject.impl.AbstractQuery"
            cascade="none"
            update="true"
            insert="true"
            column="OPERAND_TWO"
        />

	<joined-subclass
			name="edu.wustl.common.querysuite.queryobject.impl.Union"
			table="QUERY_UNION" dynamic-update="false"
			dynamic-insert="false">
			<key column="IDENTIFIER" />
	</joined-subclass>
	
	<joined-subclass
			name="edu.wustl.common.querysuite.queryobject.impl.Intersection"
			table="QUERY_INTERSECTION" dynamic-update="false"
			dynamic-insert="false">
			<key column="IDENTIFIER" />
	</joined-subclass>
	
	<joined-subclass
			name="edu.wustl.common.querysuite.queryobject.impl.Minus"
			table="QUERY_MINUS" dynamic-update="false"
			dynamic-insert="false">
			<key column="IDENTIFIER" />
	</joined-subclass>
	
	</class>

</hibernate-mapping>
