<?xml version='1.0' encoding='utf-8'?>
<!DOCTYPE hibernate-mapping PUBLIC
    "-//Hibernate/Hibernate Mapping DTD 3.0//EN"
    "http://hibernate.sourceforge.net/hibernate-mapping-3.0.dtd">

<hibernate-mapping default-lazy="false">
	<class name="edu.wustl.common.querysuite.queryobject.impl.QueryEntity"
		table="QUERY_QUERY_ENTITY" dynamic-update="false" dynamic-insert="false">
		<cache usage="read-write" />

		<id name="id" column="IDENTIFIER" type="long" length="30"
			unsaved-value="null">
			<generator class="native">
				<param name="sequence">QUERY_ENTITY_SEQ</param>
			</generator>
		</id>

		<property name="entityInterface" column="ENTITY_ID" not-null="true">
			<type name="edu.wustl.common.hibernate.CanonicalFormType">
				<param name="canonical-form-provider">
					edu.wustl.metadata.hibernate.QueryableObjectCanonicalFormProvider
				</param>
			</type>
		</property>
	</class>
</hibernate-mapping>
